{
    "display": {
        "title": {
            "text": "Datapacks by ProudPole"
        },
        "description": {
            "text": ""
        },
        "icon": {
            "item": "minecraft:writable_book"
        },
        "frame": "task",
        "show_toast": false,
        "announce_to_chat": false,
        "hidden": false,
        "background": "minecraft:textures/gui/advancements/backgrounds/nether.png"
    },
    "criteria": {
        "requirement": {
            "trigger": "minecraft:tick"
        }
    }
}