{
    "pools": [
        {
            "rolls": 1,
            "entries": 
			[
				{"type": "item","weight": 1,"name": "music_disc_13","functions": [{"function": "set_count","count": {"min": 1,"max": 1}},{"function": "set_nbt","tag": "{Tags:[rng1,looting_rng]}"}]},
                {"type": "item","weight": 1,"name": "music_disc_13","functions": [{"function": "set_count","count": {"min": 1,"max": 1}},{"function": "set_nbt","tag": "{Tags:[rng2,looting_rng]}"}]},
                {"type": "item","weight": 1,"name": "music_disc_13","functions": [{"function": "set_count","count": {"min": 1,"max": 1}},{"function": "set_nbt","tag": "{Tags:[rng3,looting_rng]}"}]},
                {"type": "item","weight": 1,"name": "music_disc_13","functions": [{"function": "set_count","count": {"min": 1,"max": 1}},{"function": "set_nbt","tag": "{Tags:[rng4,looting_rng]}"}]},
                {"type": "item","weight": 1,"name": "music_disc_13","functions": [{"function": "set_count","count": {"min": 1,"max": 1}},{"function": "set_nbt","tag": "{Tags:[rng5,looting_rng]}"}]},
                {"type": "item","weight": 1,"name": "music_disc_13","functions": [{"function": "set_count","count": {"min": 1,"max": 1}},{"function": "set_nbt","tag": "{Tags:[rng6,looting_rng]}"}]},
                {"type": "item","weight": 1,"name": "music_disc_13","functions": [{"function": "set_count","count": {"min": 1,"max": 1}},{"function": "set_nbt","tag": "{Tags:[rng7,looting_rng]}"}]},
                {"type": "item","weight": 1,"name": "music_disc_13","functions": [{"function": "set_count","count": {"min": 1,"max": 1}},{"function": "set_nbt","tag": "{Tags:[rng8,looting_rng]}"}]},
                {"type": "item","weight": 1,"name": "music_disc_13","functions": [{"function": "set_count","count": {"min": 1,"max": 1}},{"function": "set_nbt","tag": "{Tags:[rng9,looting_rng]}"}]},
                {"type": "item","weight": 1,"name": "music_disc_13","functions": [{"function": "set_count","count": {"min": 1,"max": 1}},{"function": "set_nbt","tag": "{Tags:[rng10,looting_rng]}"}]},
                {"type": "item","weight": 1,"name": "music_disc_13","functions": [{"function": "set_count","count": {"min": 1,"max": 1}},{"function": "set_nbt","tag": "{Tags:[rng11,looting_rng]}"}]},
                {"type": "item","weight": 1,"name": "music_disc_13","functions": [{"function": "set_count","count": {"min": 1,"max": 1}},{"function": "set_nbt","tag": "{Tags:[rng12,looting_rng]}"}]},
                {"type": "item","weight": 1,"name": "music_disc_13","functions": [{"function": "set_count","count": {"min": 1,"max": 1}},{"function": "set_nbt","tag": "{Tags:[rng13,looting_rng]}"}]},
                {"type": "item","weight": 1,"name": "music_disc_13","functions": [{"function": "set_count","count": {"min": 1,"max": 1}},{"function": "set_nbt","tag": "{Tags:[rng14,looting_rng]}"}]},
                {"type": "item","weight": 1,"name": "music_disc_13","functions": [{"function": "set_count","count": {"min": 1,"max": 1}},{"function": "set_nbt","tag": "{Tags:[rng15,looting_rng]}"}]},
                {"type": "item","weight": 1,"name": "music_disc_13","functions": [{"function": "set_count","count": {"min": 1,"max": 1}},{"function": "set_nbt","tag": "{Tags:[rng16,looting_rng]}"}]},
                {"type": "item","weight": 1,"name": "music_disc_13","functions": [{"function": "set_count","count": {"min": 1,"max": 1}},{"function": "set_nbt","tag": "{Tags:[rng17,looting_rng]}"}]},
                {"type": "item","weight": 1,"name": "music_disc_13","functions": [{"function": "set_count","count": {"min": 1,"max": 1}},{"function": "set_nbt","tag": "{Tags:[rng18,looting_rng]}"}]},
                {"type": "item","weight": 1,"name": "music_disc_13","functions": [{"function": "set_count","count": {"min": 1,"max": 1}},{"function": "set_nbt","tag": "{Tags:[rng19,looting_rng]}"}]},
                {"type": "item","weight": 1,"name": "music_disc_13","functions": [{"function": "set_count","count": {"min": 1,"max": 1}},{"function": "set_nbt","tag": "{Tags:[rng20,looting_rng]}"}]},
                {"type": "item","weight": 1,"name": "music_disc_13","functions": [{"function": "set_count","count": {"min": 1,"max": 1}},{"function": "set_nbt","tag": "{Tags:[rng21,looting_rng]}"}]},
                {"type": "item","weight": 1,"name": "music_disc_13","functions": [{"function": "set_count","count": {"min": 1,"max": 1}},{"function": "set_nbt","tag": "{Tags:[rng22,looting_rng]}"}]},
                {"type": "item","weight": 1,"name": "music_disc_13","functions": [{"function": "set_count","count": {"min": 1,"max": 1}},{"function": "set_nbt","tag": "{Tags:[rng23,looting_rng]}"}]},
                {"type": "item","weight": 1,"name": "music_disc_13","functions": [{"function": "set_count","count": {"min": 1,"max": 1}},{"function": "set_nbt","tag": "{Tags:[rng24,looting_rng]}"}]},
                {"type": "item","weight": 1,"name": "music_disc_13","functions": [{"function": "set_count","count": {"min": 1,"max": 1}},{"function": "set_nbt","tag": "{Tags:[rng25,looting_rng]}"}]},
                {"type": "item","weight": 1,"name": "music_disc_13","functions": [{"function": "set_count","count": {"min": 1,"max": 1}},{"function": "set_nbt","tag": "{Tags:[rng26,looting_rng]}"}]},
                {"type": "item","weight": 1,"name": "music_disc_13","functions": [{"function": "set_count","count": {"min": 1,"max": 1}},{"function": "set_nbt","tag": "{Tags:[rng27,looting_rng]}"}]},
                {"type": "item","weight": 1,"name": "music_disc_13","functions": [{"function": "set_count","count": {"min": 1,"max": 1}},{"function": "set_nbt","tag": "{Tags:[rng28,looting_rng]}"}]},
                {"type": "item","weight": 1,"name": "music_disc_13","functions": [{"function": "set_count","count": {"min": 1,"max": 1}},{"function": "set_nbt","tag": "{Tags:[rng29,looting_rng]}"}]},
                {"type": "item","weight": 1,"name": "music_disc_13","functions": [{"function": "set_count","count": {"min": 1,"max": 1}},{"function": "set_nbt","tag": "{Tags:[rng30,looting_rng]}"}]},
                {"type": "item","weight": 1,"name": "music_disc_13","functions": [{"function": "set_count","count": {"min": 1,"max": 1}},{"function": "set_nbt","tag": "{Tags:[rng31,looting_rng]}"}]},
                {"type": "item","weight": 1,"name": "music_disc_13","functions": [{"function": "set_count","count": {"min": 1,"max": 1}},{"function": "set_nbt","tag": "{Tags:[rng32,looting_rng]}"}]},
                {"type": "item","weight": 1,"name": "music_disc_13","functions": [{"function": "set_count","count": {"min": 1,"max": 1}},{"function": "set_nbt","tag": "{Tags:[rng33,looting_rng]}"}]},
                {"type": "item","weight": 1,"name": "music_disc_13","functions": [{"function": "set_count","count": {"min": 1,"max": 1}},{"function": "set_nbt","tag": "{Tags:[rng34,looting_rng]}"}]},
                {"type": "item","weight": 1,"name": "music_disc_13","functions": [{"function": "set_count","count": {"min": 1,"max": 1}},{"function": "set_nbt","tag": "{Tags:[rng35,looting_rng]}"}]},
                {"type": "item","weight": 1,"name": "music_disc_13","functions": [{"function": "set_count","count": {"min": 1,"max": 1}},{"function": "set_nbt","tag": "{Tags:[rng36,looting_rng]}"}]},
                {"type": "item","weight": 1,"name": "music_disc_13","functions": [{"function": "set_count","count": {"min": 1,"max": 1}},{"function": "set_nbt","tag": "{Tags:[rng37,looting_rng]}"}]},
                {"type": "item","weight": 1,"name": "music_disc_13","functions": [{"function": "set_count","count": {"min": 1,"max": 1}},{"function": "set_nbt","tag": "{Tags:[rng38,looting_rng]}"}]},
                {"type": "item","weight": 1,"name": "music_disc_13","functions": [{"function": "set_count","count": {"min": 1,"max": 1}},{"function": "set_nbt","tag": "{Tags:[rng39,looting_rng]}"}]},
                {"type": "item","weight": 1,"name": "music_disc_13","functions": [{"function": "set_count","count": {"min": 1,"max": 1}},{"function": "set_nbt","tag": "{Tags:[rng40,looting_rng]}"}]},
                {"type": "item","weight": 1,"name": "music_disc_13","functions": [{"function": "set_count","count": {"min": 1,"max": 1}},{"function": "set_nbt","tag": "{Tags:[rng41,looting_rng]}"}]},
                {"type": "item","weight": 1,"name": "music_disc_13","functions": [{"function": "set_count","count": {"min": 1,"max": 1}},{"function": "set_nbt","tag": "{Tags:[rng42,looting_rng]}"}]},
                {"type": "item","weight": 1,"name": "music_disc_13","functions": [{"function": "set_count","count": {"min": 1,"max": 1}},{"function": "set_nbt","tag": "{Tags:[rng43,looting_rng]}"}]},
                {"type": "item","weight": 1,"name": "music_disc_13","functions": [{"function": "set_count","count": {"min": 1,"max": 1}},{"function": "set_nbt","tag": "{Tags:[rng44,looting_rng]}"}]},
                {"type": "item","weight": 1,"name": "music_disc_13","functions": [{"function": "set_count","count": {"min": 1,"max": 1}},{"function": "set_nbt","tag": "{Tags:[rng45,looting_rng]}"}]},
                {"type": "item","weight": 1,"name": "music_disc_13","functions": [{"function": "set_count","count": {"min": 1,"max": 1}},{"function": "set_nbt","tag": "{Tags:[rng46,looting_rng]}"}]},
                {"type": "item","weight": 1,"name": "music_disc_13","functions": [{"function": "set_count","count": {"min": 1,"max": 1}},{"function": "set_nbt","tag": "{Tags:[rng47,looting_rng]}"}]},
                {"type": "item","weight": 1,"name": "music_disc_13","functions": [{"function": "set_count","count": {"min": 1,"max": 1}},{"function": "set_nbt","tag": "{Tags:[rng48,looting_rng]}"}]},
                {"type": "item","weight": 1,"name": "music_disc_13","functions": [{"function": "set_count","count": {"min": 1,"max": 1}},{"function": "set_nbt","tag": "{Tags:[rng49,looting_rng]}"}]},
                {"type": "item","weight": 1,"name": "music_disc_13","functions": [{"function": "set_count","count": {"min": 1,"max": 1}},{"function": "set_nbt","tag": "{Tags:[rng50,looting_rng]}"}]},
                {"type": "item","weight": 1,"name": "music_disc_13","functions": [{"function": "set_count","count": {"min": 1,"max": 1}},{"function": "set_nbt","tag": "{Tags:[rng51,looting_rng]}"}]},
                {"type": "item","weight": 1,"name": "music_disc_13","functions": [{"function": "set_count","count": {"min": 1,"max": 1}},{"function": "set_nbt","tag": "{Tags:[rng52,looting_rng]}"}]},
                {"type": "item","weight": 1,"name": "music_disc_13","functions": [{"function": "set_count","count": {"min": 1,"max": 1}},{"function": "set_nbt","tag": "{Tags:[rng53,looting_rng]}"}]},
                {"type": "item","weight": 1,"name": "music_disc_13","functions": [{"function": "set_count","count": {"min": 1,"max": 1}},{"function": "set_nbt","tag": "{Tags:[rng54,looting_rng]}"}]},
                {"type": "item","weight": 1,"name": "music_disc_13","functions": [{"function": "set_count","count": {"min": 1,"max": 1}},{"function": "set_nbt","tag": "{Tags:[rng55,looting_rng]}"}]},
                {"type": "item","weight": 1,"name": "music_disc_13","functions": [{"function": "set_count","count": {"min": 1,"max": 1}},{"function": "set_nbt","tag": "{Tags:[rng56,looting_rng]}"}]},
                {"type": "item","weight": 1,"name": "music_disc_13","functions": [{"function": "set_count","count": {"min": 1,"max": 1}},{"function": "set_nbt","tag": "{Tags:[rng57,looting_rng]}"}]},
                {"type": "item","weight": 1,"name": "music_disc_13","functions": [{"function": "set_count","count": {"min": 1,"max": 1}},{"function": "set_nbt","tag": "{Tags:[rng58,looting_rng]}"}]},
                {"type": "item","weight": 1,"name": "music_disc_13","functions": [{"function": "set_count","count": {"min": 1,"max": 1}},{"function": "set_nbt","tag": "{Tags:[rng59,looting_rng]}"}]},
                {"type": "item","weight": 1,"name": "music_disc_13","functions": [{"function": "set_count","count": {"min": 1,"max": 1}},{"function": "set_nbt","tag": "{Tags:[rng60,looting_rng]}"}]},
                {"type": "item","weight": 1,"name": "music_disc_13","functions": [{"function": "set_count","count": {"min": 1,"max": 1}},{"function": "set_nbt","tag": "{Tags:[rng61,looting_rng]}"}]},
                {"type": "item","weight": 1,"name": "music_disc_13","functions": [{"function": "set_count","count": {"min": 1,"max": 1}},{"function": "set_nbt","tag": "{Tags:[rng62,looting_rng]}"}]},
                {"type": "item","weight": 1,"name": "music_disc_13","functions": [{"function": "set_count","count": {"min": 1,"max": 1}},{"function": "set_nbt","tag": "{Tags:[rng63,looting_rng]}"}]},
                {"type": "item","weight": 1,"name": "music_disc_13","functions": [{"function": "set_count","count": {"min": 1,"max": 1}},{"function": "set_nbt","tag": "{Tags:[rng64,looting_rng]}"}]},
                {"type": "item","weight": 1,"name": "music_disc_13","functions": [{"function": "set_count","count": {"min": 1,"max": 1}},{"function": "set_nbt","tag": "{Tags:[rng65,looting_rng]}"}]},
                {"type": "item","weight": 1,"name": "music_disc_13","functions": [{"function": "set_count","count": {"min": 1,"max": 1}},{"function": "set_nbt","tag": "{Tags:[rng66,looting_rng]}"}]},
                {"type": "item","weight": 1,"name": "music_disc_13","functions": [{"function": "set_count","count": {"min": 1,"max": 1}},{"function": "set_nbt","tag": "{Tags:[rng67,looting_rng]}"}]},
                {"type": "item","weight": 1,"name": "music_disc_13","functions": [{"function": "set_count","count": {"min": 1,"max": 1}},{"function": "set_nbt","tag": "{Tags:[rng68,looting_rng]}"}]},
                {"type": "item","weight": 1,"name": "music_disc_13","functions": [{"function": "set_count","count": {"min": 1,"max": 1}},{"function": "set_nbt","tag": "{Tags:[rng69,looting_rng]}"}]},
                {"type": "item","weight": 1,"name": "music_disc_13","functions": [{"function": "set_count","count": {"min": 1,"max": 1}},{"function": "set_nbt","tag": "{Tags:[rng70,looting_rng]}"}]},
                {"type": "item","weight": 1,"name": "music_disc_13","functions": [{"function": "set_count","count": {"min": 1,"max": 1}},{"function": "set_nbt","tag": "{Tags:[rng71,looting_rng]}"}]},
                {"type": "item","weight": 1,"name": "music_disc_13","functions": [{"function": "set_count","count": {"min": 1,"max": 1}},{"function": "set_nbt","tag": "{Tags:[rng72,looting_rng]}"}]},
                {"type": "item","weight": 1,"name": "music_disc_13","functions": [{"function": "set_count","count": {"min": 1,"max": 1}},{"function": "set_nbt","tag": "{Tags:[rng73,looting_rng]}"}]},
                {"type": "item","weight": 1,"name": "music_disc_13","functions": [{"function": "set_count","count": {"min": 1,"max": 1}},{"function": "set_nbt","tag": "{Tags:[rng74,looting_rng]}"}]},
                {"type": "item","weight": 1,"name": "music_disc_13","functions": [{"function": "set_count","count": {"min": 1,"max": 1}},{"function": "set_nbt","tag": "{Tags:[rng75,looting_rng]}"}]},
                {"type": "item","weight": 1,"name": "music_disc_13","functions": [{"function": "set_count","count": {"min": 1,"max": 1}},{"function": "set_nbt","tag": "{Tags:[rng76,looting_rng]}"}]},
                {"type": "item","weight": 1,"name": "music_disc_13","functions": [{"function": "set_count","count": {"min": 1,"max": 1}},{"function": "set_nbt","tag": "{Tags:[rng77,looting_rng]}"}]},
                {"type": "item","weight": 1,"name": "music_disc_13","functions": [{"function": "set_count","count": {"min": 1,"max": 1}},{"function": "set_nbt","tag": "{Tags:[rng78,looting_rng]}"}]},
                {"type": "item","weight": 1,"name": "music_disc_13","functions": [{"function": "set_count","count": {"min": 1,"max": 1}},{"function": "set_nbt","tag": "{Tags:[rng79,looting_rng]}"}]},
                {"type": "item","weight": 1,"name": "music_disc_13","functions": [{"function": "set_count","count": {"min": 1,"max": 1}},{"function": "set_nbt","tag": "{Tags:[rng80,looting_rng]}"}]},
                {"type": "item","weight": 1,"name": "music_disc_13","functions": [{"function": "set_count","count": {"min": 1,"max": 1}},{"function": "set_nbt","tag": "{Tags:[rng81,looting_rng]}"}]},
                {"type": "item","weight": 1,"name": "music_disc_13","functions": [{"function": "set_count","count": {"min": 1,"max": 1}},{"function": "set_nbt","tag": "{Tags:[rng82,looting_rng]}"}]},
                {"type": "item","weight": 1,"name": "music_disc_13","functions": [{"function": "set_count","count": {"min": 1,"max": 1}},{"function": "set_nbt","tag": "{Tags:[rng83,looting_rng]}"}]},
                {"type": "item","weight": 1,"name": "music_disc_13","functions": [{"function": "set_count","count": {"min": 1,"max": 1}},{"function": "set_nbt","tag": "{Tags:[rng84,looting_rng]}"}]},
                {"type": "item","weight": 1,"name": "music_disc_13","functions": [{"function": "set_count","count": {"min": 1,"max": 1}},{"function": "set_nbt","tag": "{Tags:[rng85,looting_rng]}"}]},
                {"type": "item","weight": 1,"name": "music_disc_13","functions": [{"function": "set_count","count": {"min": 1,"max": 1}},{"function": "set_nbt","tag": "{Tags:[rng86,looting_rng]}"}]},
                {"type": "item","weight": 1,"name": "music_disc_13","functions": [{"function": "set_count","count": {"min": 1,"max": 1}},{"function": "set_nbt","tag": "{Tags:[rng87,looting_rng]}"}]},
                {"type": "item","weight": 1,"name": "music_disc_13","functions": [{"function": "set_count","count": {"min": 1,"max": 1}},{"function": "set_nbt","tag": "{Tags:[rng88,looting_rng]}"}]},
                {"type": "item","weight": 1,"name": "music_disc_13","functions": [{"function": "set_count","count": {"min": 1,"max": 1}},{"function": "set_nbt","tag": "{Tags:[rng89,looting_rng]}"}]},
                {"type": "item","weight": 1,"name": "music_disc_13","functions": [{"function": "set_count","count": {"min": 1,"max": 1}},{"function": "set_nbt","tag": "{Tags:[rng90,looting_rng]}"}]},
                {"type": "item","weight": 1,"name": "music_disc_13","functions": [{"function": "set_count","count": {"min": 1,"max": 1}},{"function": "set_nbt","tag": "{Tags:[rng91,looting_rng]}"}]},
                {"type": "item","weight": 1,"name": "music_disc_13","functions": [{"function": "set_count","count": {"min": 1,"max": 1}},{"function": "set_nbt","tag": "{Tags:[rng92,looting_rng]}"}]},
                {"type": "item","weight": 1,"name": "music_disc_13","functions": [{"function": "set_count","count": {"min": 1,"max": 1}},{"function": "set_nbt","tag": "{Tags:[rng93,looting_rng]}"}]},
                {"type": "item","weight": 1,"name": "music_disc_13","functions": [{"function": "set_count","count": {"min": 1,"max": 1}},{"function": "set_nbt","tag": "{Tags:[rng94,looting_rng]}"}]},
                {"type": "item","weight": 1,"name": "music_disc_13","functions": [{"function": "set_count","count": {"min": 1,"max": 1}},{"function": "set_nbt","tag": "{Tags:[rng95,looting_rng]}"}]},
                {"type": "item","weight": 1,"name": "music_disc_13","functions": [{"function": "set_count","count": {"min": 1,"max": 1}},{"function": "set_nbt","tag": "{Tags:[rng96,looting_rng]}"}]},
                {"type": "item","weight": 1,"name": "music_disc_13","functions": [{"function": "set_count","count": {"min": 1,"max": 1}},{"function": "set_nbt","tag": "{Tags:[rng97,looting_rng]}"}]},
                {"type": "item","weight": 1,"name": "music_disc_13","functions": [{"function": "set_count","count": {"min": 1,"max": 1}},{"function": "set_nbt","tag": "{Tags:[rng98,looting_rng]}"}]},
                {"type": "item","weight": 1,"name": "music_disc_13","functions": [{"function": "set_count","count": {"min": 1,"max": 1}},{"function": "set_nbt","tag": "{Tags:[rng99,looting_rng]}"}]},
                {"type": "item","weight": 1,"name": "music_disc_13","functions": [{"function": "set_count","count": {"min": 1,"max": 1}},{"function": "set_nbt","tag": "{Tags:[rng100,looting_rng]}"}]}              
            ]
        }
    ]
}