{
	"type": "minecraft:chest",
	"pools": [

		{
			"rolls": {
				"min": 1.0,
				"max": 3.0,
				"type": "minecraft:uniform"
			},
			"bonus_rolls": {
				"min": 0.0,
				"max": 1.0,
				"type": "minecraft:uniform"
			},
			"entries": [


				{
					"type": "minecraft:item",
					"name": "minecraft:potion",
					"weight": 120,
					"quality": 0,
					"functions": [

						{
							"function": "set_nbt",
							"tag": "{display:{Lore:['{\"text\":\"\"}','{\"text\":\"Uncommon\",\"italic\":\"false\",\"color\":\"green\"}','{\"text\":\"\",\"italic\":\"true\",\"color\":\"green\"}']}    }"
						},
						{
							"function": "minecraft:set_name",
							"name": {
								"text": "Potion of the Firery Depths",
								"color": "green"
							}
						},
						{
							"function": "set_nbt",
							"tag": "{CustomPotionEffects:[{Id:12,Amplifier:0,Duration:4000},{Id:10,Amplifier:0,Duration:4000}],CustomPotionColor:14390572}"
						},
						{
							"function": "minecraft:set_count",
							"count": {
								"min": 1.0,
								"max": 2.0,
								"type": "minecraft:uniform"
							}
						},
						{
							"function": "set_nbt",
							"tag": "{Age:-32768}"
						}
					]
				},
				{
					"type": "minecraft:item",
					"name": "minecraft:potion",
					"weight": 120,
					"quality": 0,
					"functions": [

						{
							"function": "set_nbt",
							"tag": "{display:{Lore:['{\"text\":\"\"}','{\"text\":\"Uncommon\",\"italic\":\"false\",\"color\":\"green\"}','{\"text\":\"\",\"italic\":\"true\",\"color\":\"gray\"}']}    }"
						},
						{
							"function": "minecraft:set_name",
							"name": {
								"text": "Potion of the Golem",
								"color": "green"
							}
						},
						{
							"function": "set_nbt",
							"tag": "{CustomPotionEffects:[{Id:5,Amplifier:2,Duration:3000,ShowParticles:0b},{Id:2,Amplifier:0,Duration:20}],CustomPotionColor:14367250}"
						},
						{
							"function": "minecraft:set_count",
							"count": {
								"min": 1.0,
								"max": 2.0,
								"type": "minecraft:uniform"
							}
						},
						{
							"function": "set_nbt",
							"tag": "{Age:-32768}"
						}
					]
				},
				{
					"type": "minecraft:item",
					"name": "minecraft:potion",
					"weight": 120,
					"quality": 0,
					"functions": [

						{
							"function": "set_nbt",
							"tag": "{display:{Lore:['{\"text\":\"\"}','{\"text\":\"Uncommon\",\"italic\":\"false\",\"color\":\"green\"}','{\"text\":\"\",\"italic\":\"true\",\"color\":\"green\"}']}    }"
						},
						{
							"function": "minecraft:set_name",
							"name": {
								"text": "Sheilding Potion",
								"color": "green"
							}
						},
						{
							"function": "set_nbt",
							"tag": "{CustomPotionEffects:[{Id:11,Amplifier:3,Duration:2400}],CustomPotionColor:16252680}"
						},
						{
							"function": "minecraft:set_count",
							"count": {
								"min": 1.0,
								"max": 2.0,
								"type": "minecraft:uniform"
							}
						},
						{
							"function": "set_nbt",
							"tag": "{Age:-32768}"
						}
					]
				},
				{
					"type": "minecraft:item",
					"name": "minecraft:potion",
					"weight": 120,
					"quality": 0,
					"functions": [

						{
							"function": "set_nbt",
							"tag": "{display:{Lore:['{\"text\":\"\"}','{\"text\":\"Uncommon\",\"italic\":\"false\",\"color\":\"green\"}','{\"text\":\"\",\"italic\":\"true\",\"color\":\"green\"}']}    }"
						},
						{
							"function": "minecraft:set_name",
							"name": {
								"text": "Potion of Shielding II",
								"color": "green"
							}
						},
						{
							"function": "set_nbt",
							"tag": "{CustomPotionEffects:[{Id:22,Amplifier:4,Duration:6000,ShowParticles:0b}],CustomPotionColor:61183}"
						},
						{
							"function": "minecraft:set_count",
							"count": {
								"min": 1.0,
								"max": 1.0,
								"type": "minecraft:uniform"
							}
						},
						{
							"function": "set_nbt",
							"tag": "{Age:-32768}"
						}
					]
				},
				{
					"type": "minecraft:item",
					"name": "minecraft:potion",
					"weight": 120,
					"quality": 0,
					"functions": [

						{
							"function": "set_nbt",
							"tag": "{display:{Lore:['{\"text\":\"\"}','{\"text\":\"Uncommon\",\"italic\":\"false\",\"color\":\"green\"}','{\"text\":\"\",\"italic\":\"true\",\"color\":\"green\"}']}    }"
						},
						{
							"function": "minecraft:set_name",
							"name": {
								"text": "Potion of the Rabbit's Blessing",
								"color": "green"
							}
						},
						{
							"function": "set_nbt",
							"tag": "{CustomPotionEffects:[{Id:1,Amplifier:2,Duration:2400},{Id:3,Amplifier:2,Duration:2400}],CustomPotionColor:2279737}"
						},
						{
							"function": "minecraft:set_count",
							"count": {
								"min": 1.0,
								"max": 1.0,
								"type": "minecraft:uniform"
							}
						},
						{
							"function": "set_nbt",
							"tag": "{Age:-32768}"
						}
					]
				},
				{
					"type": "minecraft:item",
					"name": "minecraft:potion",
					"weight": 40,
					"quality": 1,
					"functions": [

						{
							"function": "set_nbt",
							"tag": "{display:{Lore:['{\"text\":\"\"}','{\"text\":\"Rare\",\"italic\":\"false\",\"color\":\"blue\"}','{\"text\":\"\",\"italic\":\"true\",\"color\":\"gray\"}']}    }"
						},
						{
							"function": "minecraft:set_name",
							"name": {
								"text": "Potion of Greater Strength",
								"color": "blue"
							}
						},
						{
							"function": "set_nbt",
							"tag": "{CustomPotionEffects:[{Id:5,Amplifier:5,Duration:3000,ShowParticles:0b},{Id:16,Amplifier:0,Duration:6000,ShowParticles:0b},{Id:22,Amplifier:3,Duration:6000,ShowParticles:0b}],CustomPotionColor:8500059}"
						},
						{
							"function": "minecraft:set_count",
							"count": {
								"min": 1.0,
								"max": 1.0,
								"type": "minecraft:uniform"
							}
						},
						{
							"function": "set_nbt",
							"tag": "{Age:-32768}"
						}
					]
				},
				{
					"type": "minecraft:item",
					"name": "minecraft:potion",
					"weight": 40,
					"quality": 1,
					"functions": [

						{
							"function": "set_nbt",
							"tag": "{display:{Lore:['{\"text\":\"\"}','{\"text\":\"Rare\",\"italic\":\"false\",\"color\":\"blue\"}','{\"text\":\"\",\"italic\":\"true\",\"color\":\"gray\"}']}    }"
						},
						{
							"function": "minecraft:set_name",
							"name": {
								"text": "Heaven's Touch",
								"color": "blue"
							}
						},
						{
							"function": "set_nbt",
							"tag": "{CustomPotionEffects:[{Id:6,Amplifier:3,Duration:20},{Id:10,Amplifier:6,Duration:600}],CustomPotionColor:16711680}"
						},
						{
							"function": "minecraft:set_count",
							"count": {
								"min": 1.0,
								"max": 1.0,
								"type": "minecraft:uniform"
							}
						},
						{
							"function": "set_nbt",
							"tag": "{Age:-32768}"
						}
					]
				},
				{
					"type": "minecraft:item",
					"name": "minecraft:potion",
					"weight": 40,
					"quality": 1,
					"functions": [

						{
							"function": "set_nbt",
							"tag": "{display:{Lore:['{\"text\":\"\"}','{\"text\":\"Rare\",\"italic\":\"false\",\"color\":\"blue\"}','{\"text\":\"\",\"italic\":\"true\",\"color\":\"gray\"}']}    }"
						},
						{
							"function": "minecraft:set_name",
							"name": {
								"text": "Hocus Pocus",
								"color": "blue"
							}
						},
						{
							"function": "set_nbt",
							"tag": "{CustomPotionEffects:[{Id:14,Amplifier:2,Duration:4400},{Id:16,Amplifier:0,Duration:6000}],CustomPotionColor:3158364}"
						},
						{
							"function": "minecraft:set_count",
							"count": {
								"min": 1.0,
								"max": 1.0,
								"type": "minecraft:uniform"
							}
						},
						{
							"function": "set_nbt",
							"tag": "{Age:-32768}"
						}
					]
				},
				{
					"type": "minecraft:item",
					"name": "minecraft:potion",
					"weight": 10,
					"quality": 1,
					"functions": [

						{
							"function": "set_nbt",
							"tag": "{display:{Lore:['{\"text\":\"\"}','{\"text\":\"Very Rare\",\"italic\":\"false\",\"color\":\"dark_purple\"}','{\"text\":\"\",\"italic\":\"true\",\"color\":\"gray\"}']}    }"
						},
						{
							"function": "minecraft:set_name",
							"name": {
								"text": "Heaven's Grace",
								"color": "dark_purple"
							}
						},
						{
							"function": "set_nbt",
							"tag": "{CustomPotionEffects:[{Id:6,Amplifier:10,Duration:20},{Id:10,Amplifier:10,Duration:1200}],CustomPotionColor:11534525}"
						},
						{
							"function": "minecraft:set_count",
							"count": {
								"min": 1.0,
								"max": 1.0,
								"type": "minecraft:uniform"
							}
						},
						{
							"function": "set_nbt",
							"tag": "{Age:-32768}"
						}
					]
				},
				{
					"type": "minecraft:item",
					"name": "minecraft:potion",
					"weight": 10,
					"quality": 1,
					"functions": [

						{
							"function": "set_nbt",
							"tag": "{display:{Lore:['{\"text\":\"\"}','{\"text\":\"Very Rare\",\"italic\":\"false\",\"color\":\"dark_purple\"}','{\"text\":\"\",\"italic\":\"true\",\"color\":\"gray\"}']}    }"
						},
						{
							"function": "minecraft:set_name",
							"name": {
								"text": "IotaCancri?",
								"color": "dark_purple"
							}
						},
						{
							"function": "set_nbt",
							"tag": "{CustomPotionEffects:[{Id:1,Amplifier:5,Duration:3600},{Id:14,Amplifier:5,Duration:3600},{Id:16,Amplifier:5,Duration:6000}],CustomPotionColor:0}"
						},
						{
							"function": "minecraft:set_count",
							"count": {
								"min": 1.0,
								"max": 1.0,
								"type": "minecraft:uniform"
							}
						},
						{
							"function": "set_nbt",
							"tag": "{Age:-32768}"
						}
					]
				},
				{
					"type": "minecraft:item",
					"name": "minecraft:potion",
					"weight": 1,
					"quality": 1.5,
					"functions": [

						{
							"function": "set_nbt",
							"tag": "{display:{Lore:['{\"text\":\"\"}','{\"text\":\"Legendary\",\"italic\":\"false\",\"color\":\"gold\"}','{\"text\":\"\",\"italic\":\"true\",\"color\":\"gray\"}']}    }"
						},
						{
							"function": "minecraft:set_name",
							"name": {
								"text": "Daaaaaaaavid8?",
								"color": "gold"
							}
						},
						{
							"function": "set_nbt",
							"tag": "{CustomPotionEffects:[{Id:6,Amplifier:20,Duration:20},{Id:10,Amplifier:20,Duration:6000}],CustomPotionColor:16770102}"
						},
						{
							"function": "minecraft:set_count",
							"count": {
								"min": 1.0,
								"max": 1.0,
								"type": "minecraft:uniform"
							}
						},
						{
							"function": "set_nbt",
							"tag": "{Age:-32768}"
						}
					]
				},
				{
					"type": "minecraft:item",
					"name": "minecraft:potion",
					"weight": 1,
					"quality": 1.5,
					"functions": [

						{
							"function": "set_nbt",
							"tag": "{display:{Lore:['{\"text\":\"\"}','{\"text\":\"Legendary\",\"italic\":\"false\",\"color\":\"gold\"}','{\"text\":\"\",\"italic\":\"true\",\"color\":\"gray\"}']}    }"
						},
						{
							"function": "minecraft:set_name",
							"name": {
								"text": "Potion of the God's",
								"color": "gold"
							}
						},
						{
							"function": "set_nbt",
							"tag": "{CustomPotionEffects:[{Id:6,Amplifier:22,Duration:20},{Id:21,Amplifier:6,Duration:6000},{Id:22,Amplifier:8,Duration:6000},{Id:23,Amplifier:4,Duration:6000},{Id:26,Amplifier:4,Duration:6000,ShowParticles:0b},{Id:25,Amplifier:0,Duration:10}],CustomPotionColor:16775800}"
						},
						{
							"function": "minecraft:set_count",
							"count": {
								"min": 1.0,
								"max": 1.0,
								"type": "minecraft:uniform"
							}
						},
						{
							"function": "set_nbt",
							"tag": "{Age:-32768}"
						}
					]
				}


			]
		}
	]
}