{
  "type": "minecraft:chest",
  "pools": [
    
		{
        "rolls": {
        "min": 6.0,
        "max": 8.0,
        "type": "minecraft:uniform"
		},
		"bonus_rolls": {
        "min": 0.0,
        "max": 1.0,
        "type": "minecraft:uniform"
		},
            "entries": [
				
				{
					"type": "minecraft:item",
                    "name": "minecraft:diamond_pickaxe",
                    "weight": 100,
					"quality": 0,
                    "functions": [
                        {
                            "function": "set_attributes",
                            "modifiers": [
                                {
                                  "name": "damage",
                                  "attribute": "generic.attack_damage",
                                  "operation": "addition",
                                  "slot": "mainhand",
                                  "amount": {
                                      "min": 5.0,
                                      "max": 5.5,
                                      "type": "minecraft:uniform"
                                  }
                               },
                               {
                                  "name": "attackSpeed",
                                  "attribute": "generic.attack_speed",
                                  "operation": "addition",
                                  "slot": "mainhand",
                                  "amount": {
                                      "min": -2.8,
                                      "max": -2.6,
                                      "type": "minecraft:uniform"
                                  }
                               }
                            ]
                        },
                        {
                            "function": "set_nbt",
                            "tag": "{display:{Lore:['{\"text\":\"\"}','{\"text\":\"Uncommon\",\"italic\":\"false\",\"color\":\"green\"}']}    }"
                        },
						{
							"function": "minecraft:set_name",
							"name": {
							"text": "Uncommon Diamond Pickaxe",
							"color": "green"
							}
						},
						{
								"function": "set_nbt",
								"tag": "{Enchantments:[{id:efficiency,lvl:5},{id:unbreaking,lvl:3}]}"
                        },
						{
                            "function": "minecraft:enchant_randomly",
                            "enchantments": [
                                "minecraft:fortune","minecraft:silk_touch","minecraft:mending"
                            ]
                        }
                    ]
                },
				{
					"type": "minecraft:item",
                    "name": "minecraft:diamond_pickaxe",
                    "weight": 40,
					"quality": 4,
                    "functions": [
                        {
                            "function": "set_attributes",
                            "modifiers": [
                                {
                                  "name": "damage",
                                  "attribute": "generic.attack_damage",
                                  "operation": "addition",
                                  "slot": "mainhand",
                                  "amount": {
                                      "min": 5.0,
                                      "max": 6.0,
                                      "type": "minecraft:uniform"
                                  }
                               },
                               {
                                  "name": "attackSpeed",
                                  "attribute": "generic.attack_speed",
                                  "operation": "addition",
                                  "slot": "mainhand",
                                  "amount": {
                                      "min": -2.7,
                                      "max": -2.5,
                                      "type": "minecraft:uniform"
                                  }
                               }
                            ]
                        },
                        {
                            "function": "set_nbt",
                            "tag": "{display:{Lore:['{\"text\":\"\"}','{\"text\":\"Rare\",\"italic\":\"false\",\"color\":\"blue\"}']}    }"
                        },
						{
							"function": "minecraft:set_name",
							"name": {
							"text": "Rare Diamond Pickaxe",
							"color": "blue"
							}
						},
						{
								"function": "set_nbt",
								"tag": "{Enchantments:[{id:efficiency,lvl:6},{id:unbreaking,lvl:4}]}"
                        },
						{
                            "function": "minecraft:enchant_randomly",
                            "enchantments": [
                                "minecraft:fortune","minecraft:silk_touch","minecraft:mending"
                            ]
                        }
						
                    ]
                },
				{
					"type": "minecraft:item",
                    "name": "minecraft:diamond_pickaxe",
                    "weight": 10,
					"quality": 1,
                    "functions": [
                        {
                            "function": "set_attributes",
                            "modifiers": [
                                {
                                  "name": "damage",
                                  "attribute": "generic.attack_damage",
                                  "operation": "addition",
                                  "slot": "mainhand",
                                  "amount": {
                                      "min": 5.5,
                                      "max": 6.5,
                                      "type": "minecraft:uniform"
                                  }
                               },
                               {
                                  "name": "attackSpeed",
                                  "attribute": "generic.attack_speed",
                                  "operation": "addition",
                                  "slot": "mainhand",
                                  "amount": {
                                      "min": -2.6,
                                      "max": -2.4,
                                      "type": "minecraft:uniform"
                                  }
                               }
                            ]
                        },
                        {
                            "function": "set_nbt",
                            "tag": "{display:{Lore:['{\"text\":\"\"}','{\"text\":\"Very Rare\",\"italic\":\"false\",\"color\":\"dark_purple\"}']}    }"
                        },
						{
							"function": "minecraft:set_name",
							"name": {
							"text": "Very Rare Diamond Pickaxe",
							"color": "dark_purple"
							}
						},
						{
								"function": "set_nbt",
								"tag": "{Enchantments:[{id:efficiency,lvl:7},{id:unbreaking,lvl:5}]}"
                        },
						{
                            "function": "minecraft:enchant_randomly",
                            "enchantments": [
                                "minecraft:fortune","minecraft:silk_touch","minecraft:mending"
                            ]
                        }
					
                    ]
                },
				{
					"type": "minecraft:item",
                    "name": "minecraft:diamond_pickaxe",
                    "weight": 1,
					"quality": 1,
                    "functions": [
                        {
                            "function": "set_attributes",
                            "modifiers": [
                                {
                                  "name": "damage",
                                  "attribute": "generic.attack_damage",
                                  "operation": "addition",
                                  "slot": "mainhand",
                                  "amount": {
                                      "min": 5.5,
                                      "max": 6.5,
                                      "type": "minecraft:uniform"
                                  }
                               },
                               {
                                  "name": "attackSpeed",
                                  "attribute": "generic.attack_speed",
                                  "operation": "addition",
                                  "slot": "mainhand",
                                  "amount": {
                                      "min": -2.6,
                                      "max": -2.4,
                                      "type": "minecraft:uniform"
                                  }
                               }
                            ]
                        },
                        {
                            "function": "set_nbt",
                            "tag": "{display:{Lore:['{\"text\":\"\"}','{\"text\":\"Legendary\",\"italic\":\"false\",\"color\":\"gold\"}']}    }"
                        },
						{
							"function": "minecraft:set_name",
							"name": {
							"text": "Legendary Diamond Pickaxe",
							"color": "gold"
							}
						},
						{
                            "function": "set_nbt",
                            "tag": "{Unbreakable:1}"
                        },
						{
                            "function": "set_nbt",
                            "tag": "{Age:-32768}"
                        },
						{
								"function": "set_nbt",
								"tag": "{Enchantments:[{id:efficiency,lvl:8}]}"
                        },
						{
                            "function": "minecraft:enchant_randomly",
                            "enchantments": [
                                "minecraft:fortune","minecraft:silk_touch","minecraft:mending"
                            ]
                        }
						
                    ]
                }
	

			]
		}
	]
}